CREATE DATABASE [SQL-PRACTICALS]

USE [SQL-PRACTICALS]

CREATE TABLE DEPOSIT
(
ACTNO INT,
CNAME VARCHAR(50),
BNAME VARCHAR(50),
AMOUNT DECIMAL(8,2),
ADATE DATETIME
)

CREATE TABLE BRANCH
(
BNAME VARCHAR(50),
CITY VARCHAR(50)
)

CREATE TABLE CUSTOMERS
(
CNAME VARCHAR(50),
CITY VARCHAR(50)
)

CREATE TABLE BORROW
(
LOANNO INT,
CNAME VARCHAR(50),
BNAME VARCHAR(50),
AMOUNT DECIMAL(8,2)
)

INSERT INTO DEPOSIT (ACTNO, CNAME, BNAME, AMOUNT, ADATE)
VALUES
(101, 'ANIL', 'VRCE', 1000.00, '1995-03-01'),
(102, 'SUNIL', 'AJNI', 5000.00, '1996-01-04'),
(103, 'MEHUL', 'KAROLBAGH', 3500.00, '1995-11-17'),
(104, 'MADHURI', 'CHANDI', 1200.00, '1995-12-17'),
(105, 'PRMOD', 'M.G. ROAD', 3000.00, '1996-03-27'),
(106, 'SANDIP', 'ANDHERI', 2000.00, '1996-03-31'),
(107, 'SHIVANI', 'VIRAR', 1000.00, '1995-09-05'),
(108, 'KRANTI', 'NEHRU PLACE', 5000.00, '1995-07-02'),
(109, 'MINU', 'POWAI', 7000.00, '1995-08-10')


INSERT INTO BRANCH (BNAME, CITY)
VALUES
('VRCE', 'NAGPUR'),
('AJNI', 'NAGPUR'),
('KAROLBAGH', 'DELHI'),
('CHANDI', 'DELHI'),
('DHARAMPETH', 'NAGPUR'),
('M.G. ROAD', 'BANGALORE'),
('ANDHERI', 'BOMBAY'),
('VIRAR', 'BOMBAY'),
('NEHRU PLACE', 'DELHI'),
('POWAI', 'BOMBAY');

INSERT INTO CUSTOMERS (CNAME, CITY)
VALUES
('ANIL', 'CALCUTTA'),
('SUNIL', 'DELHI'),
('MEHUL', 'BARODA'),
('MANDAR', 'PATNA'),
('MADHURI', 'NAGPUR'),
('PRAMOD', 'NAGPUR'),
('SANDIP', 'SURAT'),
('SHIVANI', 'BOMBAY'),
('KRANTI', 'BOMBAY'),
('NAREN', 'BOMBAY');

INSERT INTO BORROW (LOANNO, CNAME, BNAME, AMOUNT)
VALUES
(201, 'ANIL', 'VRCE', 1000.00),
(206, 'MEHUL', 'AJNI', 5000.00),
(311, 'SUNIL', 'DHARAMPETH', 3000.00),
(321, 'MADHURI', 'ANDHERI', 2000.00),
(375, 'PRMOD', 'VIRAR', 8000.00),
(481, 'KRANTI', 'NEHRU PLACE', 3000.00);

SELECT * FROM DEPOSIT

SELECT * FROM BORROW

SELECT * FROM CUSTOMERS

SELECT ACTNO,CNAME,AMOUNT FROM DEPOSIT

SELECT  LOANNO ,AMOUNT FROM BORROW

SELECT * FROM BORROW
WHERE BNAME ='ANDHERI'

SELECT ACTNO,AMOUNT FROM DEPOSIT
WHERE ACTNO=106

SELECT CNAME FROM BORROW 
WHERE AMOUNT>5000

SELECT CNAME FROM DEPOSIT
WHERE ADATE>'1-12-96'

SELECT CNAME FROM DEPOSIT
WHERE ACTNO<105

--------------------------------------PART - B--------------------------------------

--USING OR
SELECT CNAME FROM CUSTOMERS
WHERE CITY='NAGPUR' OR CITY='DELHI'

--USING IN
SELECT CNAME FROM CUSTOMERS
WHERE CITY IN('NAGPUR','DELHI')

SELECT CNAME,BNAME FROM DEPOSIT
WHERE AMOUNT>4000 AND ACTNO<105

--USING AND
SELECT * FROM BORROW
WHERE AMOUNT >=3000 AND AMOUNT<=8000

--USING BETWEEN
SELECT * FROM BORROW
WHERE AMOUNT BETWEEN 3000 AND 8000

SELECT * FROM DEPOSIT
WHERE NOT BNAME= 'ANDHERI'

SELECT ACTNO,CNAME,AMOUNT FROM DEPOSIT
WHERE BNAME IN('AJNI','KAROLBAGH','M.G.ROAD') AND ACTNO<104

SELECT TOP 5* FROM CUSTOMERS

SELECT TOP 3* FROM DEPOSIT
WHERE AMOUNT>1000


SELECT TOP 5 LOANNO,CNAME FROM BORROW
WHERE NOT BNAME='ANDHERI'

SELECT DISTINCT CITY FROM CUSTOMERS

SELECT DISTINCT BNAME FROM BRANCH

SELECT * FROM CUSTOMERS
ORDER BY CITY

SELECT * FROM DEPOSIT
ORDER BY AMOUNT DESC

--------------------------------------PART - C--------------------------------------
UPDATE DEPOSIT
SET AMOUNT =5000
WHERE AMOUNT=3000


UPDATE BORROW
SET BNAME='C.G. ROAD'
WHERE CNAME ='ANIL'

UPDATE DEPOSIT
SET ACTNO=111, AMOUNT=5000
WHERE CNAME='SANDIP'

UPDATE BORROW
SET AMOUNT =AMOUNT*1.1

UPDATE DEPOSIT
SET AMOUNT=5000
WHERE ACTNO BETWEEN 103 AND 107

UPDATE BORROW
SET AMOUNT = NULL
WHERE LOANNO=321

SELECT CNAME FROM BORROW
WHERE AMOUNT IS NULL

-----------------------------------DROP ALL TABLES-----------------------------------

DROP TABLE DEPOSIT
DROP TABLE BRANCH
DROP TABLE CUSTOMERS
DROP TABLE BORROW